origin,destination,flow,time
BRN.1_1,BRN.4_1,1622.0,0
BRN.1_1,BRN.2_1,1543.0,0
BRN.1_1,BRN.3_1,9.0,0
BRN.2_1,BRN.4_1,7611.0,0
BRN.2_1,BRN.3_1,1285.0,0
BRN.2_1,BRN.1_1,7137.0,0
BRN.3_1,BRN.2_1,464.0,0
BRN.3_1,BRN.4_1,2.0,0
BRN.4_1,BRN.1_1,1557.0,0
BRN.4_1,BRN.2_1,839.0,0
BRN.4_1,BRN.3_1,5.0,0
BRN.1_1,BRN.1_1,60307.50425730699,0
BRN.2_1,BRN.2_1,304637.90238647454,0
BRN.3_1,BRN.3_1,8856.673979793115,0
BRN.4_1,BRN.4_1,45635.00519699451,0
