origin,destination,flow,time
BRN.1_1,BRN.4_1,6409.0,0
BRN.1_1,BRN.2_1,6231.0,0
BRN.1_1,BRN.3_1,56.0,0
BRN.2_1,BRN.4_1,30381.0,0
BRN.2_1,BRN.3_1,4903.0,0
BRN.2_1,BRN.1_1,28850.0,0
BRN.3_1,BRN.2_1,1849.0,0
BRN.3_1,BRN.4_1,10.0,0
BRN.3_1,BRN.1_1,5.0,0
BRN.4_1,BRN.1_1,6068.0,0
BRN.4_1,BRN.2_1,3510.0,0
BRN.4_1,BRN.3_1,29.0,0
BRN.1_1,BRN.1_1,50785.26674299536,0
BRN.2_1,BRN.2_1,256537.1809570312,0
BRN.3_1,BRN.3_1,7458.25177245736,0
BRN.4_1,BRN.4_1,38429.47806062696,0
