origin,destination,flow,time
BRN.1_1,BRN.4_1,15919.0,0
BRN.1_1,BRN.2_1,15704.0,0
BRN.1_1,BRN.3_1,117.0,0
BRN.2_1,BRN.4_1,76271.0,0
BRN.2_1,BRN.3_1,12683.0,0
BRN.2_1,BRN.1_1,71381.0,0
BRN.3_1,BRN.2_1,4620.0,0
BRN.3_1,BRN.4_1,23.0,0
BRN.3_1,BRN.1_1,18.0,0
BRN.4_1,BRN.1_1,15432.0,0
BRN.4_1,BRN.2_1,8521.0,0
BRN.4_1,BRN.3_1,65.0,0
BRN.1_1,BRN.1_1,31740.7917143721,0
BRN.2_1,BRN.2_1,160335.7380981445,0
BRN.3_1,BRN.3_1,4661.40735778585,0
BRN.4_1,BRN.4_1,24018.42378789185,0
