origin,destination,flow,time
BRN.1_1,BRN.4_1,298.0,0
BRN.1_1,BRN.2_1,334.0,0
BRN.1_1,BRN.3_1,2.0,0
BRN.2_1,BRN.4_1,1517.0,0
BRN.2_1,BRN.3_1,252.0,0
BRN.2_1,BRN.1_1,1437.0,0
BRN.3_1,BRN.2_1,93.0,0
BRN.4_1,BRN.1_1,311.0,0
BRN.4_1,BRN.2_1,167.0,0
BRN.4_1,BRN.3_1,2.0,0
BRN.1_1,BRN.1_1,62846.76759445675,0
BRN.2_1,BRN.2_1,317464.7614343261,0
BRN.3_1,BRN.3_1,9229.586568415983,0
BRN.4_1,BRN.4_1,47556.47910002586,0
