origin,destination,flow,time
SLE.1_1,SLE.3_1,514819.0,0
SLE.1_1,SLE.2_1,211909.0,0
SLE.1_1,SLE.4_1,54457.0,0
SLE.2_1,SLE.1_1,733687.0,0
SLE.2_1,SLE.3_1,334368.0,0
SLE.2_1,SLE.4_1,161928.0,0
SLE.3_1,SLE.1_1,521698.0,0
SLE.3_1,SLE.4_1,167149.0,0
SLE.3_1,SLE.2_1,132183.0,0
SLE.4_1,SLE.3_1,471367.0,0
SLE.4_1,SLE.2_1,179892.0,0
SLE.4_1,SLE.1_1,49180.0,0
SLE.1_1,SLE.1_1,781185.03175926,0
SLE.2_1,SLE.2_1,1229983.38118881,0
SLE.3_1,SLE.3_1,821030.604409845,0
SLE.4_1,SLE.4_1,700439.45561409,0
