origin,destination,flow,time
SLE.1_1,SLE.3_1,51379.0,0
SLE.1_1,SLE.2_1,21262.0,0
SLE.1_1,SLE.4_1,5477.0,0
SLE.2_1,SLE.1_1,73166.0,0
SLE.2_1,SLE.3_1,33609.0,0
SLE.2_1,SLE.4_1,16223.0,0
SLE.3_1,SLE.1_1,52259.0,0
SLE.3_1,SLE.4_1,16591.0,0
SLE.3_1,SLE.2_1,13253.0,0
SLE.4_1,SLE.3_1,47022.0,0
SLE.4_1,SLE.2_1,17966.0,0
SLE.4_1,SLE.1_1,5055.0,0
SLE.1_1,SLE.1_1,1484251.5603425938,0
SLE.2_1,SLE.2_1,2336968.424258739,0
SLE.3_1,SLE.3_1,1559958.1483787054,0
SLE.4_1,SLE.4_1,1330834.965666771,0
