origin,destination,flow,time
SLE.1_1,SLE.3_1,10234.0,0
SLE.1_1,SLE.2_1,4312.0,0
SLE.1_1,SLE.4_1,1077.0,0
SLE.2_1,SLE.1_1,14721.0,0
SLE.2_1,SLE.3_1,6654.0,0
SLE.2_1,SLE.4_1,3224.0,0
SLE.3_1,SLE.1_1,10393.0,0
SLE.3_1,SLE.4_1,3391.0,0
SLE.3_1,SLE.2_1,2636.0,0
SLE.4_1,SLE.3_1,9365.0,0
SLE.4_1,SLE.2_1,3629.0,0
SLE.4_1,SLE.1_1,1014.0,0
SLE.1_1,SLE.1_1,1546746.3628833347,0
SLE.2_1,SLE.2_1,2435367.094753844,0
SLE.3_1,SLE.3_1,1625640.596731493,0
SLE.4_1,SLE.4_1,1386870.1221158982,0
