origin,destination,flow,time
MSR.3_1,MSR.2_1,99.0,0
MSR.3_1,MSR.1_1,2433.0,0
MSR.1_1,MSR.1_1,0.08212222158908851,0
MSR.2_1,MSR.2_1,0.003118168329820035,0
MSR.3_1,MSR.3_1,2532.3202373385448,0
