origin,destination,flow,time
MSR.3_1,MSR.2_1,15.0,0
MSR.3_1,MSR.1_1,238.0,0
MSR.1_1,MSR.1_1,0.15603222101926817,0
MSR.2_1,MSR.2_1,0.005924519826658066,0
MSR.3_1,MSR.3_1,4811.408450943235,0
