origin,destination,flow,time
MSR.3_1,MSR.2_1,2.0,0
MSR.3_1,MSR.1_1,48.0,0
MSR.1_1,MSR.1_1,0.16260199874639525,0
MSR.2_1,MSR.2_1,0.006173973293043669,0
MSR.3_1,MSR.3_1,5013.994069930319,0
