origin,destination,flow,time
MSR.3_1,MSR.2_1,38.0,0
MSR.3_1,MSR.1_1,974.0,0
MSR.1_1,MSR.1_1,0.13139555454254162,0
MSR.2_1,MSR.2_1,0.004989069327712057,0
MSR.3_1,MSR.3_1,4051.7123797416716,0
