origin,destination,flow,time
ESH.1_1,ESH.3_1,26168.0,0
ESH.1_1,ESH.4_1,1313.0,0
ESH.1_1,ESH.2_1,275.0,0
ESH.2_1,ESH.3_1,28196.0,0
ESH.2_1,ESH.1_1,615.0,0
ESH.2_1,ESH.4_1,1208.0,0
ESH.3_1,ESH.1_1,52236.0,0
ESH.3_1,ESH.2_1,41234.0,0
ESH.3_1,ESH.4_1,73359.0,0
ESH.4_1,ESH.1_1,28845.0,0
ESH.4_1,ESH.3_1,51832.0,0
ESH.4_1,ESH.2_1,3454.0,0
ESH.1_1,ESH.1_1,27756.5178217281,0
ESH.2_1,ESH.2_1,30019.6247089888,0
ESH.3_1,ESH.3_1,166829.7331730045,0
ESH.4_1,ESH.4_1,84131.234912017,0
