origin,destination,flow,time
ESH.1_1,ESH.3_1,1058.0,0
ESH.1_1,ESH.4_1,43.0,0
ESH.1_1,ESH.2_1,9.0,0
ESH.2_1,ESH.3_1,1112.0,0
ESH.2_1,ESH.1_1,32.0,0
ESH.2_1,ESH.4_1,56.0,0
ESH.3_1,ESH.1_1,2085.0,0
ESH.3_1,ESH.2_1,1632.0,0
ESH.3_1,ESH.4_1,2956.0,0
ESH.4_1,ESH.1_1,1122.0,0
ESH.4_1,ESH.3_1,2107.0,0
ESH.4_1,ESH.2_1,136.0,0
ESH.1_1,ESH.1_1,54402.774930587075,0
ESH.2_1,ESH.2_1,58838.46442961804,0
ESH.3_1,ESH.3_1,326986.2770190888,0
ESH.4_1,ESH.4_1,164897.22042755331,0
