origin,destination,flow,time
ESH.1_1,ESH.3_1,10454.0,0
ESH.1_1,ESH.4_1,537.0,0
ESH.1_1,ESH.2_1,111.0,0
ESH.2_1,ESH.3_1,11287.0,0
ESH.2_1,ESH.1_1,233.0,0
ESH.2_1,ESH.4_1,487.0,0
ESH.3_1,ESH.1_1,20996.0,0
ESH.3_1,ESH.2_1,16610.0,0
ESH.3_1,ESH.4_1,29125.0,0
ESH.4_1,ESH.1_1,11562.0,0
ESH.4_1,ESH.3_1,20708.0,0
ESH.4_1,ESH.2_1,1382.0,0
ESH.1_1,ESH.1_1,44410.428514764964,0
ESH.2_1,ESH.2_1,48031.39953438208,0
ESH.3_1,ESH.3_1,266927.5730768072,0
ESH.4_1,ESH.4_1,134609.9758592272,0
