origin,destination,flow,time
NCL.1_1,NCL.3_1,4657.0,0
NCL.1_1,NCL.2_1,31.0,0
NCL.2_1,NCL.3_1,22086.0,0
NCL.2_1,NCL.1_1,191.0,0
NCL.3_1,NCL.1_1,21021.0,0
NCL.3_1,NCL.2_1,78229.0,0
NCL.1_1,NCL.1_1,4688.484210133554,0
NCL.2_1,NCL.2_1,22277.518452335153,0
NCL.3_1,NCL.3_1,99250.4211608895,0
