origin,destination,flow,time
NCL.1_1,NCL.3_1,1860.0,0
NCL.1_1,NCL.2_1,15.0,0
NCL.2_1,NCL.3_1,8846.0,0
NCL.2_1,NCL.1_1,65.0,0
NCL.3_1,NCL.1_1,8430.0,0
NCL.3_1,NCL.2_1,31270.0,0
NCL.1_1,NCL.1_1,7501.574736213687,0
NCL.2_1,NCL.2_1,35644.029523736244,0
NCL.3_1,NCL.3_1,158800.67385742321,0
