origin,destination,flow,time
NCL.1_1,NCL.3_1,184.0,0
NCL.1_1,NCL.2_1,3.0,0
NCL.2_1,NCL.3_1,883.0,0
NCL.2_1,NCL.1_1,8.0,0
NCL.3_1,NCL.1_1,875.0,0
NCL.3_1,NCL.2_1,3095.0,0
NCL.1_1,NCL.1_1,9189.429051861767,0
NCL.2_1,NCL.2_1,43663.936166576896,0
NCL.3_1,NCL.3_1,194530.82547534342,0
