origin,destination,flow,time
NCL.1_1,NCL.3_1,93.0,0
NCL.2_1,NCL.3_1,441.0,0
NCL.2_1,NCL.1_1,4.0,0
NCL.3_1,NCL.1_1,447.0,0
NCL.3_1,NCL.2_1,1538.0,0
NCL.1_1,NCL.1_1,9283.198736064438,0
NCL.2_1,NCL.2_1,44109.486535623604,0
NCL.3_1,NCL.3_1,196515.8338985612,0
