origin,destination,flow,time
NCL.1_1,NCL.3_1,464.0,0
NCL.1_1,NCL.2_1,4.0,0
NCL.2_1,NCL.3_1,2210.0,0
NCL.2_1,NCL.1_1,17.0,0
NCL.3_1,NCL.1_1,2161.0,0
NCL.3_1,NCL.2_1,7764.0,0
NCL.1_1,NCL.1_1,8908.119999253753,0
NCL.2_1,NCL.2_1,42327.285059436785,0
NCL.3_1,NCL.3_1,188575.80020569003,0
