origin,destination,flow,time
VIR.1_1,VIR.2_1,3044.0,0
VIR.1_1,VIR.3_1,20489.0,0
VIR.2_1,VIR.3_1,1603.0,0
VIR.2_1,VIR.1_1,54.0,0
VIR.3_1,VIR.2_1,2963.0,0
VIR.3_1,VIR.1_1,19929.0,0
VIR.1_1,VIR.1_1,23533.1360039711,0
VIR.2_1,VIR.2_1,1657.405122995375,0
VIR.3_1,VIR.3_1,22892.696947097797,0
