origin,destination,flow,time
VIR.1_1,VIR.2_1,67.0,0
VIR.1_1,VIR.3_1,403.0,0
VIR.2_1,VIR.3_1,33.0,0
VIR.3_1,VIR.2_1,64.0,0
VIR.3_1,VIR.1_1,393.0,0
VIR.1_1,VIR.1_1,46595.609287862775,0
VIR.2_1,VIR.2_1,3281.6621435308425,0
VIR.3_1,VIR.3_1,45327.53995525364,0
