origin,destination,flow,time
VIR.1_1,VIR.2_1,122.0,0
VIR.1_1,VIR.3_1,819.0,0
VIR.2_1,VIR.3_1,62.0,0
VIR.2_1,VIR.1_1,4.0,0
VIR.3_1,VIR.2_1,116.0,0
VIR.3_1,VIR.1_1,799.0,0
VIR.1_1,VIR.1_1,46124.94656778336,0
VIR.2_1,VIR.2_1,3248.514041070935,0
VIR.3_1,VIR.3_1,44869.68601631168,0
