origin,destination,flow,time
MTQ.1_1,MTQ.3_1,4627.0,0
MTQ.1_1,MTQ.4_1,719.0,0
MTQ.1_1,MTQ.2_1,2186.0,0
MTQ.2_1,MTQ.1_1,4790.0,0
MTQ.2_1,MTQ.3_1,958.0,0
MTQ.2_1,MTQ.4_1,196.0,0
MTQ.3_1,MTQ.1_1,3630.0,0
MTQ.3_1,MTQ.4_1,202.0,0
MTQ.3_1,MTQ.2_1,601.0,0
MTQ.4_1,MTQ.3_1,1042.0,0
MTQ.4_1,MTQ.1_1,142.0,0
MTQ.4_1,MTQ.2_1,31.0,0
MTQ.1_1,MTQ.1_1,143125.66354064978,0
MTQ.2_1,MTQ.2_1,112946.35994272269,0
MTQ.3_1,MTQ.3_1,84241.31736402509,0
MTQ.4_1,MTQ.4_1,23093.99754667285,0
