origin,destination,flow,time
MTQ.1_1,MTQ.3_1,9229.0,0
MTQ.1_1,MTQ.4_1,1409.0,0
MTQ.1_1,MTQ.2_1,4427.0,0
MTQ.2_1,MTQ.1_1,9635.0,0
MTQ.2_1,MTQ.3_1,1889.0,0
MTQ.2_1,MTQ.4_1,365.0,0
MTQ.3_1,MTQ.1_1,7326.0,0
MTQ.3_1,MTQ.4_1,394.0,0
MTQ.3_1,MTQ.2_1,1147.0,0
MTQ.4_1,MTQ.3_1,2012.0,0
MTQ.4_1,MTQ.1_1,352.0,0
MTQ.4_1,MTQ.2_1,66.0,0
MTQ.1_1,MTQ.1_1,135592.73388061562,0
MTQ.2_1,MTQ.2_1,107001.8146825794,0
MTQ.3_1,MTQ.3_1,79807.56381855009,0
MTQ.4_1,MTQ.4_1,21878.523991584807,0
