origin,destination,flow,time
TKL.2_1,TKL.3_1,2.0,0
TKL.3_1,TKL.2_1,1.0,0
TKL.1_1,TKL.1_1,20.196764373779335,0
TKL.2_1,TKL.2_1,210.81275835514091,0
TKL.3_1,TKL.3_1,131.98445918083206,0
