origin,destination,flow,time
TKL.2_1,TKL.3_1,3.0,0
TKL.2_1,TKL.1_1,1.0,0
TKL.3_1,TKL.2_1,1.0,0
TKL.3_1,TKL.1_1,1.0,0
TKL.1_1,TKL.1_1,19.992756652832067,0
TKL.2_1,TKL.2_1,208.68333655357384,0
TKL.3_1,TKL.3_1,130.6512828254701,0
