origin,destination,flow,time
MAC.1_1,MAC.2_1,57460.0,0
MAC.2_1,MAC.1_1,226862.0,0
MAC.1_1,MAC.1_1,57460.62347602849,0
MAC.2_1,MAC.2_1,226862.145263672,0
