origin,destination,flow,time
MAC.1_1,MAC.2_1,2298.0,0
MAC.2_1,MAC.1_1,9074.0,0
MAC.1_1,MAC.1_1,112622.82201301584,0
MAC.2_1,MAC.2_1,444649.8047167971,0
