origin,destination,flow,time
STP.1_1,STP.2_1,78.0,0
STP.2_1,STP.1_1,1942.0,0
STP.1_1,STP.1_1,7790.7262891387945,0
STP.2_1,STP.2_1,192331.43640219167,0
