origin,destination,flow,time
STP.1_1,STP.2_1,393.0,0
STP.2_1,STP.1_1,9713.0,0
STP.1_1,STP.1_1,7475.9494693756105,0
STP.2_1,STP.2_1,184560.4692748304,0
