origin,destination,flow,time
STP.1_1,STP.2_1,786.0,0
STP.2_1,STP.1_1,19427.0,0
STP.1_1,STP.1_1,7082.478444671632,0
STP.2_1,STP.2_1,174846.7603656288,0
