origin,destination,flow,time
STP.1_1,STP.2_1,1573.0,0
STP.2_1,STP.1_1,38854.0,0
STP.1_1,STP.1_1,6295.536395263673,0
STP.2_1,STP.2_1,155419.34254722562,0
