origin,destination,flow,time
STP.1_1,STP.2_1,157.0,0
STP.2_1,STP.1_1,3885.0,0
STP.1_1,STP.1_1,7712.032084197999,0
STP.2_1,STP.2_1,190388.69462035137,0
