origin,destination,flow,time
STP.1_1,STP.2_1,3934.0,0
STP.2_1,STP.1_1,97137.0,0
STP.1_1,STP.1_1,3934.7102470397954,0
STP.2_1,STP.2_1,97137.089092016,0
