origin,destination,flow,time
ASM.1_1,ASM.4_1,4094.0,0
ASM.1_1,ASM.2_1,56.0,0
ASM.2_1,ASM.1_1,190.0,0
ASM.2_1,ASM.4_1,7.0,0
ASM.3_1,ASM.1_1,1.0,0
ASM.4_1,ASM.1_1,5797.0,0
ASM.4_1,ASM.2_1,164.0,0
ASM.1_1,ASM.1_1,16602.10979766848,0
ASM.2_1,ASM.2_1,788.9992236137393,0
ASM.3_1,ASM.3_1,4.484916305541993,0
ASM.4_1,ASM.4_1,23846.29630832672,0
