origin,destination,flow,time
ASM.1_1,ASM.4_1,10245.0,0
ASM.1_1,ASM.2_1,130.0,0
ASM.1_1,ASM.3_1,1.0,0
ASM.2_1,ASM.1_1,484.0,0
ASM.2_1,ASM.4_1,9.0,0
ASM.3_1,ASM.1_1,2.0,0
ASM.4_1,ASM.1_1,14518.0,0
ASM.4_1,ASM.2_1,384.0,0
ASM.4_1,ASM.3_1,1.0,0
ASM.1_1,ASM.1_1,10376.3186235428,0
ASM.2_1,ASM.2_1,493.12451475858705,0
ASM.3_1,ASM.3_1,2.803072690963745,0
ASM.4_1,ASM.4_1,14903.935192704199,0
