origin,destination,flow,time
ASM.1_1,ASM.4_1,204.0,0
ASM.1_1,ASM.2_1,3.0,0
ASM.2_1,ASM.1_1,8.0,0
ASM.2_1,ASM.4_1,1.0,0
ASM.4_1,ASM.1_1,294.0,0
ASM.4_1,ASM.2_1,4.0,0
ASM.1_1,ASM.1_1,20545.110874614744,0
ASM.2_1,ASM.2_1,976.3865392220024,0
ASM.3_1,ASM.3_1,5.550083928108215,0
ASM.4_1,ASM.4_1,29509.791681554314,0
