origin,destination,flow,time
ASM.1_1,ASM.4_1,2046.0,0
ASM.1_1,ASM.2_1,28.0,0
ASM.1_1,ASM.3_1,1.0,0
ASM.2_1,ASM.1_1,92.0,0
ASM.2_1,ASM.4_1,6.0,0
ASM.4_1,ASM.1_1,2887.0,0
ASM.4_1,ASM.2_1,93.0,0
ASM.1_1,ASM.1_1,18677.37352237704,0
ASM.2_1,ASM.2_1,887.6241265654567,0
ASM.3_1,ASM.3_1,5.045530843734741,0
ASM.4_1,ASM.4_1,26827.08334686756,0
