origin,destination,flow,time
ASM.1_1,ASM.4_1,1024.0,0
ASM.1_1,ASM.2_1,13.0,0
ASM.2_1,ASM.1_1,47.0,0
ASM.2_1,ASM.4_1,2.0,0
ASM.4_1,ASM.1_1,1456.0,0
ASM.4_1,ASM.2_1,33.0,0
ASM.4_1,ASM.3_1,1.0,0
ASM.1_1,ASM.1_1,19715.00538473132,0
ASM.2_1,ASM.2_1,936.9365780413153,0
ASM.3_1,ASM.3_1,5.325838112831115,0
ASM.4_1,ASM.4_1,28317.476866137975,0
