origin,destination,flow,time
BRN.1_1,BRN.4_1,595.0,0
BRN.1_1,BRN.2_1,669.0,0
BRN.1_1,BRN.3_1,5.0,0
BRN.2_1,BRN.4_1,3083.0,0
BRN.2_1,BRN.3_1,436.0,0
BRN.2_1,BRN.1_1,2894.0,0
BRN.3_1,BRN.2_1,182.0,0
BRN.3_1,BRN.4_1,4.0,0
BRN.4_1,BRN.1_1,614.0,0
BRN.4_1,BRN.2_1,344.0,0
BRN.4_1,BRN.3_1,2.0,0
BRN.1_1,BRN.1_1,62211.951760169315,0
BRN.2_1,BRN.2_1,314258.04667236324,0
BRN.3_1,BRN.3_1,9136.358421260265,0
BRN.4_1,BRN.4_1,47076.110624268025,0
