origin,destination,flow,time
BRN.1_1,BRN.4_1,3212.0,0
BRN.1_1,BRN.2_1,3120.0,0
BRN.1_1,BRN.3_1,16.0,0
BRN.2_1,BRN.4_1,15157.0,0
BRN.2_1,BRN.3_1,2513.0,0
BRN.2_1,BRN.1_1,14397.0,0
BRN.3_1,BRN.2_1,926.0,0
BRN.3_1,BRN.4_1,1.0,0
BRN.3_1,BRN.1_1,5.0,0
BRN.4_1,BRN.1_1,3088.0,0
BRN.4_1,BRN.2_1,1704.0,0
BRN.4_1,BRN.3_1,11.0,0
BRN.1_1,BRN.1_1,57133.42508586978,0
BRN.2_1,BRN.2_1,288604.32857666013,0
BRN.3_1,BRN.3_1,8390.53324401453,0
BRN.4_1,BRN.4_1,43233.16281820533,0
