origin,destination,flow,time
SHN.1_1,SHN.2_1,337.0,0
SHN.1_1,SHN.3_1,5.0,0
SHN.2_1,SHN.1_1,1135.0,0
SHN.2_1,SHN.3_1,336.0,0
SHN.3_1,SHN.2_1,123.0,0
SHN.3_1,SHN.1_1,1.0,0
SHN.1_1,SHN.1_1,342.06906914711004,0
SHN.2_1,SHN.2_1,1471.781042456625,0
SHN.3_1,SHN.3_1,124.9294128119945,0
