origin,destination,flow,time
SHN.1_1,SHN.2_1,13.0,0
SHN.2_1,SHN.1_1,48.0,0
SHN.2_1,SHN.3_1,10.0,0
SHN.3_1,SHN.2_1,4.0,0
SHN.1_1,SHN.1_1,670.4553755283357,0
SHN.2_1,SHN.2_1,2884.6908432149853,0
SHN.3_1,SHN.3_1,244.8616491115092,0
