origin,destination,flow,time
SHN.1_1,SHN.2_1,68.0,0
SHN.2_1,SHN.1_1,217.0,0
SHN.2_1,SHN.3_1,77.0,0
SHN.3_1,SHN.2_1,22.0,0
SHN.3_1,SHN.1_1,2.0,0
SHN.1_1,SHN.1_1,615.7243244647981,0
SHN.2_1,SHN.2_1,2649.205876421925,0
SHN.3_1,SHN.3_1,224.8729430615901,0
