origin,destination,flow,time
SHN.1_1,SHN.2_1,135.0,0
SHN.1_1,SHN.3_1,1.0,0
SHN.2_1,SHN.1_1,450.0,0
SHN.2_1,SHN.3_1,138.0,0
SHN.3_1,SHN.2_1,48.0,0
SHN.3_1,SHN.1_1,1.0,0
SHN.1_1,SHN.1_1,547.3105106353761,0
SHN.2_1,SHN.2_1,2354.8496679306004,0
SHN.3_1,SHN.3_1,199.8870604991912,0
