origin,destination,flow,time
LUX.1_1,LUX.3_1,902.0,0
LUX.1_1,LUX.2_1,27.0,0
LUX.2_1,LUX.3_1,725.0,0
LUX.2_1,LUX.1_1,9.0,0
LUX.3_1,LUX.2_1,2310.0,0
LUX.3_1,LUX.1_1,2017.0,0
LUX.1_1,LUX.1_1,92040.75506663918,0
LUX.2_1,LUX.2_1,72683.73391164781,0
LUX.3_1,LUX.3_1,428431.3106729506,0
