origin,destination,flow,time
LUX.1_1,LUX.3_1,18087.0,0
LUX.1_1,LUX.2_1,507.0,0
LUX.2_1,LUX.3_1,14317.0,0
LUX.2_1,LUX.1_1,366.0,0
LUX.3_1,LUX.2_1,45231.0,0
LUX.3_1,LUX.1_1,41320.0,0
LUX.1_1,LUX.1_1,74376.36773061751,0
LUX.2_1,LUX.2_1,58734.3304336548,0
LUX.3_1,LUX.3_1,346207.11973571766,0
