origin,destination,flow,time
LUX.1_1,LUX.3_1,4525.0,0
LUX.1_1,LUX.2_1,123.0,0
LUX.2_1,LUX.3_1,3590.0,0
LUX.2_1,LUX.1_1,80.0,0
LUX.3_1,LUX.2_1,11248.0,0
LUX.3_1,LUX.1_1,10389.0,0
LUX.1_1,LUX.1_1,88321.9366801083,0
LUX.2_1,LUX.2_1,69747.01738996507,0
LUX.3_1,LUX.3_1,411120.9546861647,0
