origin,destination,flow,time
GBR.1_1,GBR.4_1,942870.0,0
GBR.1_1,GBR.2_1,528409.0,0
GBR.1_1,GBR.3_1,1327128.0,0
GBR.2_1,GBR.3_1,72850.0,0
GBR.2_1,GBR.4_1,7668.0,0
GBR.2_1,GBR.1_1,15142.0,0
GBR.3_1,GBR.2_1,76893.0,0
GBR.3_1,GBR.4_1,65147.0,0
GBR.3_1,GBR.1_1,127842.0,0
GBR.4_1,GBR.1_1,155533.0,0
GBR.4_1,GBR.2_1,297.0,0
GBR.4_1,GBR.3_1,709.0,0
GBR.1_1,GBR.1_1,53169748.08679068,0
GBR.2_1,GBR.2_1,1817551.461683595,0
GBR.3_1,GBR.3_1,5127764.1565227,0
GBR.4_1,GBR.4_1,2974258.230954004,0
