origin,destination,flow,time
GBR.1_1,GBR.4_1,3772002.0,0
GBR.1_1,GBR.2_1,2115529.0,0
GBR.1_1,GBR.3_1,5306100.0,0
GBR.2_1,GBR.3_1,291076.0,0
GBR.2_1,GBR.4_1,31068.0,0
GBR.2_1,GBR.1_1,60498.0,0
GBR.3_1,GBR.2_1,307784.0,0
GBR.3_1,GBR.4_1,260800.0,0
GBR.3_1,GBR.1_1,510945.0,0
GBR.4_1,GBR.1_1,622309.0,0
GBR.4_1,GBR.2_1,1076.0,0
GBR.4_1,GBR.3_1,2774.0,0
GBR.1_1,GBR.1_1,44774524.70466584,0
GBR.2_1,GBR.2_1,1530569.6519440804,0
GBR.3_1,GBR.3_1,4318117.184440169,0
GBR.4_1,GBR.4_1,2504638.510277056,0
