origin,destination,flow,time
WLF.1_1,WLF.2_1,95.0,0
WLF.1_1,WLF.3_1,118.0,0
WLF.2_1,WLF.1_1,78.0,0
WLF.2_1,WLF.3_1,32.0,0
WLF.3_1,WLF.1_1,614.0,0
WLF.3_1,WLF.2_1,245.0,0
WLF.1_1,WLF.1_1,1922.2740104198492,0
WLF.2_1,WLF.2_1,995.803316688537,0
WLF.3_1,WLF.3_1,7736.818001461028,0
