origin,destination,flow,time
WLF.1_1,WLF.2_1,27.0,0
WLF.1_1,WLF.3_1,79.0,0
WLF.2_1,WLF.1_1,45.0,0
WLF.2_1,WLF.3_1,10.0,0
WLF.3_1,WLF.1_1,317.0,0
WLF.3_1,WLF.2_1,112.0,0
WLF.1_1,WLF.1_1,2029.0670109987298,0
WLF.2_1,WLF.2_1,1051.1257231712334,0
WLF.3_1,WLF.3_1,8166.641223764417,0
