origin,destination,flow,time
WLF.1_1,WLF.2_1,22.0,0
WLF.1_1,WLF.3_1,20.0,0
WLF.2_1,WLF.1_1,15.0,0
WLF.2_1,WLF.3_1,7.0,0
WLF.3_1,WLF.1_1,126.0,0
WLF.3_1,WLF.2_1,45.0,0
WLF.1_1,WLF.1_1,2093.142811346058,0
WLF.2_1,WLF.2_1,1084.3191670608514,0
WLF.3_1,WLF.3_1,8424.535157146453,0
