origin,destination,flow,time
WLF.1_1,WLF.2_1,4.0,0
WLF.1_1,WLF.3_1,17.0,0
WLF.2_1,WLF.1_1,10.0,0
WLF.2_1,WLF.3_1,1.0,0
WLF.3_1,WLF.1_1,60.0,0
WLF.3_1,WLF.2_1,25.0,0
WLF.1_1,WLF.1_1,2114.5014114618343,0
WLF.2_1,WLF.2_1,1095.3836483573907,0
WLF.3_1,WLF.3_1,8510.49980160713,0
