origin,destination,flow,time
SHN.1_1,SHN.2_1,6.0,0
SHN.2_1,SHN.1_1,23.0,0
SHN.2_1,SHN.3_1,6.0,0
SHN.3_1,SHN.2_1,2.0,0
SHN.1_1,SHN.1_1,677.2967569112778,0
SHN.2_1,SHN.2_1,2914.1264640641175,0
SHN.3_1,SHN.3_1,247.3602373677491,0
