origin,destination,flow,time
SHN.1_1,SHN.2_1,33.0,0
SHN.1_1,SHN.3_1,1.0,0
SHN.2_1,SHN.1_1,108.0,0
SHN.2_1,SHN.3_1,39.0,0
SHN.3_1,SHN.2_1,12.0,0
SHN.1_1,SHN.1_1,649.9312313795091,0
SHN.2_1,SHN.2_1,2796.3839806675874,0
SHN.3_1,SHN.3_1,237.36588434278954,0
