origin,destination,flow,time
SWZ.1_1,SWZ.3_1,14487.0,0
SWZ.1_1,SWZ.2_1,3187.0,0
SWZ.1_1,SWZ.4_1,1632.0,0
SWZ.2_1,SWZ.3_1,10885.0,0
SWZ.2_1,SWZ.4_1,1668.0,0
SWZ.2_1,SWZ.1_1,1347.0,0
SWZ.3_1,SWZ.1_1,15764.0,0
SWZ.3_1,SWZ.4_1,4165.0,0
SWZ.3_1,SWZ.2_1,2955.0,0
SWZ.4_1,SWZ.3_1,9788.0,0
SWZ.4_1,SWZ.2_1,1472.0,0
SWZ.4_1,SWZ.1_1,1003.0,0
SWZ.1_1,SWZ.1_1,366823.96502391127,0
SWZ.2_1,SWZ.2_1,264104.4465098707,0
SWZ.3_1,SWZ.3_1,434809.18782638444,0
SWZ.4_1,SWZ.4_1,232999.18227360258,0
