origin,destination,flow,time
SWZ.1_1,SWZ.3_1,5821.0,0
SWZ.1_1,SWZ.2_1,1266.0,0
SWZ.1_1,SWZ.4_1,635.0,0
SWZ.2_1,SWZ.3_1,4382.0,0
SWZ.2_1,SWZ.4_1,595.0,0
SWZ.2_1,SWZ.1_1,583.0,0
SWZ.3_1,SWZ.1_1,6256.0,0
SWZ.3_1,SWZ.4_1,1756.0,0
SWZ.3_1,SWZ.2_1,1141.0,0
SWZ.4_1,SWZ.3_1,3897.0,0
SWZ.4_1,SWZ.2_1,594.0,0
SWZ.4_1,SWZ.1_1,414.0,0
SWZ.1_1,SWZ.1_1,378407.8797088769,0
SWZ.2_1,SWZ.2_1,272444.5869259719,0
SWZ.3_1,SWZ.3_1,448540.0042840598,0
SWZ.4_1,SWZ.4_1,240357.05118750583,0
