origin,destination,flow,time
SWZ.1_1,SWZ.3_1,146110.0,0
SWZ.1_1,SWZ.2_1,30253.0,0
SWZ.1_1,SWZ.4_1,16702.0,0
SWZ.2_1,SWZ.3_1,108638.0,0
SWZ.2_1,SWZ.4_1,16349.0,0
SWZ.2_1,SWZ.1_1,14015.0,0
SWZ.3_1,SWZ.1_1,157145.0,0
SWZ.3_1,SWZ.4_1,42264.0,0
SWZ.3_1,SWZ.2_1,29437.0,0
SWZ.4_1,SWZ.3_1,97187.0,0
SWZ.4_1,SWZ.2_1,14793.0,0
SWZ.4_1,SWZ.1_1,10651.0,0
SWZ.1_1,SWZ.1_1,193065.244749427,0
SWZ.2_1,SWZ.2_1,139002.340268353,0
SWZ.3_1,SWZ.3_1,228846.940961255,0
SWZ.4_1,SWZ.4_1,122631.148565054,0
