origin,destination,flow,time
SWZ.1_1,SWZ.3_1,2880.0,0
SWZ.1_1,SWZ.2_1,635.0,0
SWZ.1_1,SWZ.4_1,346.0,0
SWZ.2_1,SWZ.3_1,2156.0,0
SWZ.2_1,SWZ.4_1,348.0,0
SWZ.2_1,SWZ.1_1,276.0,0
SWZ.3_1,SWZ.1_1,3197.0,0
SWZ.3_1,SWZ.4_1,825.0,0
SWZ.3_1,SWZ.2_1,554.0,0
SWZ.4_1,SWZ.3_1,1958.0,0
SWZ.4_1,SWZ.2_1,274.0,0
SWZ.4_1,SWZ.1_1,220.0,0
SWZ.1_1,SWZ.1_1,382269.18460386543,0
SWZ.2_1,SWZ.2_1,275224.63373133895,0
SWZ.3_1,SWZ.3_1,453116.94310328487,0
SWZ.4_1,SWZ.4_1,242809.6741588069,0
