origin,destination,flow,time
TON.1_1,TON.4_1,44.0,0
TON.1_1,TON.5_1,2.0,0
TON.2_1,TON.4_1,43.0,0
TON.3_1,TON.5_1,5.0,0
TON.3_1,TON.4_1,1.0,0
TON.4_1,TON.1_1,190.0,0
TON.4_1,TON.2_1,168.0,0
TON.4_1,TON.5_1,420.0,0
TON.4_1,TON.3_1,20.0,0
TON.5_1,TON.2_1,35.0,0
TON.5_1,TON.3_1,3.0,0
TON.5_1,TON.4_1,84.0,0
TON.1_1,TON.1_1,4574.886126422881,0
TON.2_1,TON.2_1,4340.69722159624,0
TON.3_1,TON.3_1,690.7169950962068,0
TON.4_1,TON.4_1,79009.15869277953,0
TON.5_1,TON.5_1,12103.889200113448,0
