origin,destination,flow,time
SWZ.1_1,SWZ.3_1,29232.0,0
SWZ.1_1,SWZ.2_1,6167.0,0
SWZ.1_1,SWZ.4_1,3214.0,0
SWZ.2_1,SWZ.3_1,21736.0,0
SWZ.2_1,SWZ.4_1,3247.0,0
SWZ.2_1,SWZ.1_1,2817.0,0
SWZ.3_1,SWZ.1_1,31386.0,0
SWZ.3_1,SWZ.4_1,8392.0,0
SWZ.3_1,SWZ.2_1,5991.0,0
SWZ.4_1,SWZ.3_1,19487.0,0
SWZ.4_1,SWZ.2_1,2850.0,0
SWZ.4_1,SWZ.1_1,2189.0,0
SWZ.1_1,SWZ.1_1,347517.44054896856,0
SWZ.2_1,SWZ.2_1,250204.2124830354,0
SWZ.3_1,SWZ.3_1,411924.493730259,0
SWZ.4_1,SWZ.4_1,220736.0674170972,0
