origin,destination,flow,time
SWZ.1_1,SWZ.3_1,58449.0,0
SWZ.1_1,SWZ.2_1,12140.0,0
SWZ.1_1,SWZ.4_1,6637.0,0
SWZ.2_1,SWZ.3_1,43510.0,0
SWZ.2_1,SWZ.4_1,6579.0,0
SWZ.2_1,SWZ.1_1,5511.0,0
SWZ.3_1,SWZ.1_1,63078.0,0
SWZ.3_1,SWZ.4_1,16800.0,0
SWZ.3_1,SWZ.2_1,11660.0,0
SWZ.4_1,SWZ.3_1,38963.0,0
SWZ.4_1,SWZ.2_1,5925.0,0
SWZ.4_1,SWZ.1_1,4164.0,0
SWZ.1_1,SWZ.1_1,308904.3915990832,0
SWZ.2_1,SWZ.2_1,222403.7444293648,0
SWZ.3_1,SWZ.3_1,366155.10553800804,0
SWZ.4_1,SWZ.4_1,196209.8377040864,0
