origin,destination,flow,time
REU.1_1,REU.4_1,2075.0,0
REU.1_1,REU.2_1,405.0,0
REU.1_1,REU.3_1,125.0,0
REU.2_1,REU.3_1,3196.0,0
REU.2_1,REU.1_1,1134.0,0
REU.2_1,REU.4_1,1242.0,0
REU.3_1,REU.2_1,2804.0,0
REU.3_1,REU.4_1,685.0,0
REU.3_1,REU.1_1,186.0,0
REU.4_1,REU.1_1,2630.0,0
REU.4_1,REU.3_1,1800.0,0
REU.4_1,REU.2_1,1294.0,0
REU.1_1,REU.1_1,127647.72281745875,0
REU.2_1,REU.2_1,273037.9137969973,0
REU.3_1,REU.3_1,180086.0920071413,0
REU.4_1,REU.4_1,280481.46817468625,0
