origin,destination,flow,time
REU.1_1,REU.4_1,1070.0,0
REU.1_1,REU.2_1,170.0,0
REU.1_1,REU.3_1,62.0,0
REU.2_1,REU.3_1,1577.0,0
REU.2_1,REU.1_1,573.0,0
REU.2_1,REU.4_1,636.0,0
REU.3_1,REU.2_1,1404.0,0
REU.3_1,REU.4_1,344.0,0
REU.3_1,REU.1_1,89.0,0
REU.4_1,REU.1_1,1331.0,0
REU.4_1,REU.3_1,902.0,0
REU.4_1,REU.2_1,629.0,0
REU.1_1,REU.1_1,128950.25060131037,0
REU.2_1,REU.2_1,275824.01495819114,0
REU.3_1,REU.3_1,181923.70519088765,0
REU.4_1,REU.4_1,283343.52397238713,0
