origin,destination,flow,time
REU.1_1,REU.4_1,5302.0,0
REU.1_1,REU.2_1,913.0,0
REU.1_1,REU.3_1,297.0,0
REU.2_1,REU.3_1,8103.0,0
REU.2_1,REU.1_1,2668.0,0
REU.2_1,REU.4_1,3159.0,0
REU.3_1,REU.2_1,6941.0,0
REU.3_1,REU.4_1,1828.0,0
REU.3_1,REU.1_1,419.0,0
REU.4_1,REU.1_1,6588.0,0
REU.4_1,REU.3_1,4457.0,0
REU.4_1,REU.2_1,3265.0,0
REU.1_1,REU.1_1,123740.13946590388,0
REU.2_1,REU.2_1,264679.61031341576,0
REU.3_1,REU.3_1,174573.2524559023,0
REU.4_1,REU.4_1,271895.3007815836,0
