origin,destination,flow,time
REU.1_1,REU.4_1,10506.0,0
REU.1_1,REU.2_1,1950.0,0
REU.1_1,REU.3_1,569.0,0
REU.2_1,REU.3_1,16101.0,0
REU.2_1,REU.1_1,5492.0,0
REU.2_1,REU.4_1,6268.0,0
REU.3_1,REU.2_1,14018.0,0
REU.3_1,REU.4_1,3523.0,0
REU.3_1,REU.1_1,835.0,0
REU.4_1,REU.1_1,13322.0,0
REU.4_1,REU.3_1,8973.0,0
REU.4_1,REU.2_1,6325.0,0
REU.1_1,REU.1_1,117227.5005466458,0
REU.2_1,REU.2_1,250749.1045074465,0
REU.3_1,REU.3_1,165385.1865371706,0
REU.4_1,REU.4_1,257585.0217930792,0
