origin,destination,flow,time
MAC.1_1,MAC.2_1,11492.0,0
MAC.2_1,MAC.1_1,45372.0,0
MAC.1_1,MAC.1_1,103429.12225685129,0
MAC.2_1,MAC.2_1,408351.8614746096,0
