origin,destination,flow,time
MAC.1_1,MAC.2_1,5746.0,0
MAC.2_1,MAC.1_1,22686.0,0
MAC.1_1,MAC.1_1,109175.18460445413,0
MAC.2_1,MAC.2_1,431038.0760009768,0
