origin,destination,flow,time
MAC.1_1,MAC.2_1,22984.0,0
MAC.2_1,MAC.1_1,90744.0,0
MAC.1_1,MAC.1_1,91936.99756164559,0
MAC.2_1,MAC.2_1,362979.4324218752,0
