origin,destination,flow,time
MAC.1_1,MAC.2_1,1149.0,0
MAC.2_1,MAC.1_1,4537.0,0
MAC.1_1,MAC.1_1,113772.03448253642,0
MAC.2_1,MAC.2_1,449187.04762207053,0
