origin,destination,flow,time
BIH.1_1,BIH.3_1,6125.0,0
BIH.1_1,BIH.2_1,468.0,0
BIH.2_1,BIH.3_1,112304.0,0
BIH.2_1,BIH.1_1,7617.0,0
BIH.3_1,BIH.2_1,60195.0,0
BIH.3_1,BIH.1_1,1082.0,0
BIH.1_1,BIH.1_1,125283.69051761637,0
BIH.2_1,BIH.2_1,2278507.4751786557,0
BIH.3_1,BIH.3_1,1164277.878879176,0
