origin,destination,flow,time
BIH.1_1,BIH.3_1,2484.0,0
BIH.1_1,BIH.2_1,153.0,0
BIH.2_1,BIH.3_1,44947.0,0
BIH.2_1,BIH.1_1,3021.0,0
BIH.3_1,BIH.2_1,24075.0,0
BIH.3_1,BIH.1_1,436.0,0
BIH.1_1,BIH.1_1,129240.01758659373,0
BIH.2_1,BIH.2_1,2350460.3428158765,0
BIH.3_1,BIH.3_1,1201044.5487385183,0
