origin,destination,flow,time
BIH.1_1,BIH.3_1,12355.0,0
BIH.1_1,BIH.2_1,832.0,0
BIH.2_1,BIH.3_1,224389.0,0
BIH.2_1,BIH.1_1,15453.0,0
BIH.3_1,BIH.2_1,120437.0,0
BIH.3_1,BIH.1_1,2118.0,0
BIH.1_1,BIH.1_1,118689.81206932079,0
BIH.2_1,BIH.2_1,2158586.0291166212,0
BIH.3_1,BIH.3_1,1103000.095780272,0
