origin,destination,flow,time
MNP.2_1,MNP.4_1,145.0,0
MNP.2_1,MNP.3_1,106.0,0
MNP.3_1,MNP.4_1,2705.0,0
MNP.3_1,MNP.2_1,1816.0,0
MNP.4_1,MNP.3_1,340.0,0
MNP.1_1,MNP.1_1,,0
MNP.2_1,MNP.2_1,2261.64664487268,0
MNP.3_1,MNP.3_1,40694.76639596079,0
MNP.4_1,MNP.4_1,3061.308576098088,0
