origin,destination,flow,time
MNP.2_1,MNP.4_1,785.0,0
MNP.2_1,MNP.3_1,471.0,0
MNP.3_1,MNP.4_1,13689.0,0
MNP.3_1,MNP.2_1,8919.0,0
MNP.4_1,MNP.3_1,1695.0,0
MNP.4_1,MNP.2_1,5.0,0
MNP.1_1,MNP.1_1,,0
MNP.2_1,MNP.2_1,1256.4703582626,0
MNP.3_1,MNP.3_1,22608.20355331155,0
MNP.4_1,MNP.4_1,1700.72698672116,0
