origin,destination,flow,time
NCL.1_1,NCL.3_1,926.0,0
NCL.1_1,NCL.2_1,11.0,0
NCL.2_1,NCL.3_1,4421.0,0
NCL.2_1,NCL.1_1,34.0,0
NCL.3_1,NCL.1_1,4243.0,0
NCL.3_1,NCL.2_1,15607.0,0
NCL.1_1,NCL.1_1,8439.271578240398,0
NCL.2_1,NCL.2_1,40099.53321420328,0
NCL.3_1,NCL.3_1,178650.7580896011,0
