origin,destination,flow,time
GUF.1_1,GUF.2_1,17743.0,0
GUF.2_1,GUF.1_1,12311.0,0
GUF.1_1,GUF.1_1,159688.01003018403,0
GUF.2_1,GUF.2_1,110807.02556027821,0
