origin,destination,flow,time
COM.1_1,COM.3_1,1165.0,0
COM.1_1,COM.2_1,128.0,0
COM.2_1,COM.3_1,8118.0,0
COM.2_1,COM.1_1,855.0,0
COM.3_1,COM.1_1,1821.0,0
COM.3_1,COM.2_1,4917.0,0
COM.1_1,COM.1_1,63394.53768157962,0
COM.2_1,COM.2_1,439719.54359802266,0
COM.3_1,COM.3_1,330166.16257003805,0
