origin,destination,flow,time
COM.1_1,COM.3_1,11723.0,0
COM.1_1,COM.2_1,1214.0,0
COM.2_1,COM.3_1,81520.0,0
COM.2_1,COM.1_1,8218.0,0
COM.3_1,COM.1_1,18275.0,0
COM.3_1,COM.2_1,49105.0,0
COM.1_1,COM.1_1,51750.64300537112,0
COM.2_1,COM.2_1,358954.72946777364,0
COM.3_1,COM.3_1,269523.3980163576,0
