origin,destination,flow,time
COM.1_1,COM.3_1,2951.0,0
COM.1_1,COM.2_1,283.0,0
COM.2_1,COM.3_1,20331.0,0
COM.2_1,COM.1_1,2103.0,0
COM.3_1,COM.1_1,4560.0,0
COM.3_1,COM.2_1,12285.0,0
COM.1_1,COM.1_1,61453.888568878196,0
COM.2_1,COM.2_1,426258.74124298117,0
COM.3_1,COM.3_1,320059.03514442465,0
