origin,destination,flow,time
BES.1_1,BES.2_1,332.0,0
BES.1_1,BES.3_1,597.0,0
BES.2_1,BES.3_1,76.0,0
BES.2_1,BES.1_1,16.0,0
BES.3_1,BES.2_1,81.0,0
BES.3_1,BES.1_1,142.0,0
BES.1_1,BES.1_1,17663.804591542445,0
BES.2_1,BES.2_1,1756.8922687530526,0
BES.3_1,BES.3_1,4237.243874549865,0
