origin,destination,flow,time
BES.1_1,BES.2_1,3270.0,0
BES.1_1,BES.3_1,6026.0,0
BES.2_1,BES.3_1,706.0,0
BES.2_1,BES.1_1,218.0,0
BES.3_1,BES.2_1,815.0,0
BES.3_1,BES.1_1,1415.0,0
BES.1_1,BES.1_1,9296.73925870655,0
BES.2_1,BES.2_1,924.6801414489751,0
BES.3_1,BES.3_1,2230.1283550262447,0
