origin,destination,flow,time
MNP.2_1,MNP.4_1,15.0,0
MNP.2_1,MNP.3_1,10.0,0
MNP.3_1,MNP.4_1,279.0,0
MNP.3_1,MNP.2_1,173.0,0
MNP.4_1,MNP.3_1,34.0,0
MNP.1_1,MNP.1_1,,0
MNP.2_1,MNP.2_1,2487.811309359948,0
MNP.3_1,MNP.3_1,44764.243035556865,0
MNP.4_1,MNP.4_1,3367.439433707897,0
