origin,destination,flow,time
MNP.2_1,MNP.4_1,296.0,0
MNP.2_1,MNP.3_1,206.0,0
MNP.3_1,MNP.4_1,5407.0,0
MNP.3_1,MNP.2_1,3636.0,0
MNP.4_1,MNP.3_1,677.0,0
MNP.4_1,MNP.2_1,3.0,0
MNP.1_1,MNP.1_1,,0
MNP.2_1,MNP.2_1,2010.3525732201601,0
MNP.3_1,MNP.3_1,36173.12568529848,0
MNP.4_1,MNP.4_1,2721.1631787538563,0
