origin,destination,flow,time
COM.1_1,COM.3_1,29393.0,0
COM.1_1,COM.2_1,2951.0,0
COM.2_1,COM.3_1,203640.0,0
COM.2_1,COM.1_1,20706.0,0
COM.3_1,COM.1_1,45139.0,0
COM.3_1,COM.2_1,123313.0,0
COM.1_1,COM.1_1,32344.151878356948,0
COM.2_1,COM.2_1,224346.70591735851,0
COM.3_1,COM.3_1,168452.1237602235,0
