origin,destination,flow,time
SLE.1_1,SLE.3_1,205798.0,0
SLE.1_1,SLE.2_1,84859.0,0
SLE.1_1,SLE.4_1,21817.0,0
SLE.2_1,SLE.1_1,293191.0,0
SLE.2_1,SLE.3_1,133867.0,0
SLE.2_1,SLE.4_1,64935.0,0
SLE.3_1,SLE.1_1,208285.0,0
SLE.3_1,SLE.4_1,66594.0,0
SLE.3_1,SLE.2_1,53533.0,0
SLE.4_1,SLE.3_1,188741.0,0
SLE.4_1,SLE.2_1,71704.0,0
SLE.4_1,SLE.1_1,19730.0,0
SLE.1_1,SLE.1_1,1249896.050814816,0
SLE.2_1,SLE.2_1,1967973.4099020963,0
SLE.3_1,SLE.3_1,1313648.967055752,0
SLE.4_1,SLE.4_1,1120703.128982544,0
