origin,destination,flow,time
SLE.1_1,SLE.3_1,102824.0,0
SLE.1_1,SLE.2_1,42513.0,0
SLE.1_1,SLE.4_1,10900.0,0
SLE.2_1,SLE.1_1,146997.0,0
SLE.2_1,SLE.3_1,66636.0,0
SLE.2_1,SLE.4_1,32363.0,0
SLE.3_1,SLE.1_1,104303.0,0
SLE.3_1,SLE.4_1,33266.0,0
SLE.3_1,SLE.2_1,26637.0,0
SLE.4_1,SLE.3_1,94514.0,0
SLE.4_1,SLE.2_1,35848.0,0
SLE.4_1,SLE.1_1,9725.0,0
SLE.1_1,SLE.1_1,1406133.0571666681,0
SLE.2_1,SLE.2_1,2213970.0861398582,0
SLE.3_1,SLE.3_1,1477855.087937721,0
SLE.4_1,SLE.4_1,1260791.020105362,0
