origin,destination,flow,time
SLE.1_1,SLE.3_1,20707.0,0
SLE.1_1,SLE.2_1,8399.0,0
SLE.1_1,SLE.4_1,2141.0,0
SLE.2_1,SLE.1_1,29212.0,0
SLE.2_1,SLE.3_1,13493.0,0
SLE.2_1,SLE.4_1,6494.0,0
SLE.3_1,SLE.1_1,20857.0,0
SLE.3_1,SLE.4_1,6706.0,0
SLE.3_1,SLE.2_1,5278.0,0
SLE.4_1,SLE.3_1,18818.0,0
SLE.4_1,SLE.2_1,7181.0,0
SLE.4_1,SLE.1_1,2018.0,0
SLE.1_1,SLE.1_1,1531122.6622481495,0
SLE.2_1,SLE.2_1,2410767.4271300677,0
SLE.3_1,SLE.3_1,1609219.984643296,0
SLE.4_1,SLE.4_1,1372861.3330036162,0
