origin,destination,flow,time
BEL.1_1,BEL.2_1,11727.0,0
BEL.1_1,BEL.3_1,698.0,0
BEL.2_1,BEL.1_1,24678.0,0
BEL.2_1,BEL.3_1,42152.0,0
BEL.3_1,BEL.1_1,13737.0,0
BEL.3_1,BEL.2_1,23430.0,0
BEL.1_1,BEL.1_1,1230131.1437676954,0
BEL.2_1,BEL.2_1,6616216.501388387,0
BEL.3_1,BEL.3_1,3679586.3494060803,0
