origin,destination,flow,time
BEL.1_1,BEL.2_1,586316.0,0
BEL.1_1,BEL.3_1,34962.0,0
BEL.2_1,BEL.1_1,1229348.0,0
BEL.2_1,BEL.3_1,2112175.0,0
BEL.3_1,BEL.1_1,684445.0,0
BEL.3_1,BEL.2_1,1173931.0,0
BEL.1_1,BEL.1_1,621278.35543823,0
BEL.2_1,BEL.2_1,3341523.48554969,0
BEL.3_1,BEL.3_1,1858376.944144485,0
