origin,destination,flow,time
BEL.1_1,BEL.2_1,117276.0,0
BEL.1_1,BEL.3_1,6979.0,0
BEL.2_1,BEL.1_1,245974.0,0
BEL.2_1,BEL.3_1,422330.0,0
BEL.3_1,BEL.1_1,136473.0,0
BEL.3_1,BEL.2_1,235202.0,0
BEL.1_1,BEL.1_1,1118301.039788814,0
BEL.2_1,BEL.2_1,6014742.273989443,0
BEL.3_1,BEL.3_1,3345078.499460073,0
