origin,destination,flow,time
GRL.1_1,GRL.4_1,839.0,0
GRL.1_1,GRL.5_1,327.0,0
GRL.1_1,GRL.3_1,71.0,0
GRL.3_1,GRL.4_1,1425.0,0
GRL.3_1,GRL.5_1,1064.0,0
GRL.3_1,GRL.1_1,135.0,0
GRL.4_1,GRL.5_1,1427.0,0
GRL.4_1,GRL.1_1,124.0,0
GRL.4_1,GRL.3_1,127.0,0
GRL.5_1,GRL.4_1,2019.0,0
GRL.5_1,GRL.1_1,830.0,0
GRL.5_1,GRL.3_1,1076.0,0
GRL.1_1,GRL.1_1,4950.462322739888,0
GRL.2_1,GRL.2_1,,0
GRL.3_1,GRL.3_1,10497.117435600641,0
GRL.4_1,GRL.4_1,6713.673021533344,0
GRL.5_1,GRL.5_1,15701.86244458432,0
