origin,destination,flow,time
GRL.1_1,GRL.4_1,2071.0,0
GRL.1_1,GRL.5_1,847.0,0
GRL.1_1,GRL.3_1,176.0,0
GRL.3_1,GRL.4_1,3523.0,0
GRL.3_1,GRL.5_1,2627.0,0
GRL.3_1,GRL.1_1,410.0,0
GRL.4_1,GRL.5_1,3587.0,0
GRL.4_1,GRL.1_1,282.0,0
GRL.4_1,GRL.3_1,327.0,0
GRL.5_1,GRL.4_1,5098.0,0
GRL.5_1,GRL.1_1,2106.0,0
GRL.5_1,GRL.3_1,2609.0,0
GRL.1_1,GRL.1_1,3094.03895171243,0
GRL.2_1,GRL.2_1,,0
GRL.3_1,GRL.3_1,6560.6983972504,0
GRL.4_1,GRL.4_1,4196.045638458339,0
GRL.5_1,GRL.5_1,9813.6640278652,0
