origin,destination,flow,time
BEL.1_1,BEL.2_1,58636.0,0
BEL.1_1,BEL.3_1,3491.0,0
BEL.2_1,BEL.1_1,123051.0,0
BEL.2_1,BEL.3_1,211101.0,0
BEL.3_1,BEL.1_1,68703.0,0
BEL.3_1,BEL.2_1,117134.0,0
BEL.1_1,BEL.1_1,1180428.875332637,0
BEL.2_1,BEL.2_1,6348894.622544411,0
BEL.3_1,BEL.3_1,3530916.1938745216,0
