origin,destination,flow,time
BEL.1_1,BEL.2_1,23520.0,0
BEL.1_1,BEL.3_1,1331.0,0
BEL.2_1,BEL.1_1,49045.0,0
BEL.2_1,BEL.3_1,84615.0,0
BEL.3_1,BEL.1_1,27448.0,0
BEL.3_1,BEL.2_1,46887.0,0
BEL.1_1,BEL.1_1,1217705.5766589306,0
BEL.2_1,BEL.2_1,6549386.031677392,0
BEL.3_1,BEL.3_1,3642418.8105231905,0
