origin,destination,flow,time
BEL.1_1,BEL.2_1,234719.0,0
BEL.1_1,BEL.3_1,13792.0,0
BEL.2_1,BEL.1_1,491844.0,0
BEL.2_1,BEL.3_1,844765.0,0
BEL.3_1,BEL.1_1,273794.0,0
BEL.3_1,BEL.2_1,469556.0,0
BEL.1_1,BEL.1_1,994045.368701168,0
BEL.2_1,BEL.2_1,5346437.576879505,0
BEL.3_1,BEL.3_1,2973403.1106311763,0
