origin,destination,flow,time
PYF.1_1,PYF.5_1,37.0,0
PYF.1_1,PYF.2_1,29.0,0
PYF.2_1,PYF.4_1,1359.0,0
PYF.2_1,PYF.5_1,338.0,0
PYF.2_1,PYF.1_1,211.0,0
PYF.2_1,PYF.3_1,216.0,0
PYF.3_1,PYF.5_1,43.0,0
PYF.3_1,PYF.2_1,28.0,0
PYF.4_1,PYF.2_1,330.0,0
PYF.4_1,PYF.5_1,3.0,0
PYF.4_1,PYF.3_1,2.0,0
PYF.5_1,PYF.2_1,97.0,0
PYF.1_1,PYF.1_1,6630.371164621038,0
PYF.2_1,PYF.2_1,210316.9390061187,0
PYF.3_1,PYF.3_1,7099.607809689041,0
PYF.4_1,PYF.4_1,33218.47431761027,0
PYF.5_1,PYF.5_1,9668.68692271694,0
