origin,destination,flow,time
VGB.1_1,VGB.5_1,52.0,0
VGB.1_1,VGB.4_1,3.0,0
VGB.2_1,VGB.4_1,54.0,0
VGB.3_1,VGB.4_1,4.0,0
VGB.4_1,VGB.3_1,29.0,0
VGB.4_1,VGB.2_1,338.0,0
VGB.4_1,VGB.5_1,4122.0,0
VGB.4_1,VGB.1_1,275.0,0
VGB.5_1,VGB.3_1,8.0,0
VGB.5_1,VGB.4_1,750.0,0
VGB.5_1,VGB.1_1,1.0,0
VGB.1_1,VGB.1_1,223.68443088531518,0
VGB.2_1,VGB.2_1,219.114817523956,0
VGB.3_1,VGB.3_1,18.23420038223264,0
VGB.4_1,VGB.4_1,19056.66210327152,0
VGB.5_1,VGB.5_1,3036.0290070533765,0
