origin,destination,flow,time
GRL.1_1,GRL.4_1,43.0,0
GRL.1_1,GRL.5_1,16.0,0
GRL.1_1,GRL.3_1,2.0,0
GRL.3_1,GRL.4_1,74.0,0
GRL.3_1,GRL.5_1,53.0,0
GRL.3_1,GRL.1_1,4.0,0
GRL.4_1,GRL.5_1,72.0,0
GRL.4_1,GRL.1_1,8.0,0
GRL.4_1,GRL.3_1,3.0,0
GRL.5_1,GRL.4_1,98.0,0
GRL.5_1,GRL.1_1,43.0,0
GRL.5_1,GRL.3_1,55.0,0
GRL.1_1,GRL.1_1,6126.197124390611,0
GRL.2_1,GRL.2_1,,0
GRL.3_1,GRL.3_1,12990.182826555792,0
GRL.4_1,GRL.4_1,8308.170364147512,0
GRL.5_1,GRL.5_1,19431.054775173096,0
