origin,destination,flow,time
GRL.1_1,GRL.4_1,88.0,0
GRL.1_1,GRL.5_1,31.0,0
GRL.1_1,GRL.3_1,4.0,0
GRL.3_1,GRL.4_1,141.0,0
GRL.3_1,GRL.5_1,111.0,0
GRL.3_1,GRL.1_1,10.0,0
GRL.4_1,GRL.5_1,140.0,0
GRL.4_1,GRL.1_1,9.0,0
GRL.4_1,GRL.3_1,18.0,0
GRL.5_1,GRL.4_1,177.0,0
GRL.5_1,GRL.1_1,95.0,0
GRL.5_1,GRL.3_1,120.0,0
GRL.1_1,GRL.1_1,6064.316345356363,0
GRL.2_1,GRL.2_1,,0
GRL.3_1,GRL.3_1,12858.968858610784,0
GRL.4_1,GRL.4_1,8224.249451378346,0
GRL.5_1,GRL.5_1,19234.78149461579,0
