origin,destination,flow,time
GLP.1_1,GLP.2_1,20147.0,0
GLP.2_1,GLP.1_1,20451.0,0
GLP.1_1,GLP.1_1,181325.6943523407,0
GLP.2_1,GLP.2_1,184059.7067590713,0
