origin,destination,flow,time
GLP.1_1,GLP.2_1,100736.0,0
GLP.2_1,GLP.1_1,102255.0,0
GLP.1_1,GLP.1_1,100736.4968624115,0
GLP.2_1,GLP.2_1,102255.3926439285,0
