origin,destination,flow,time
GLP.1_1,GLP.2_1,2014.0,0
GLP.2_1,GLP.1_1,2045.0,0
GLP.1_1,GLP.1_1,199458.26378757478,0
GLP.2_1,GLP.2_1,202465.67743497842,0
