origin,destination,flow,time
GLP.1_1,GLP.2_1,4029.0,0
GLP.2_1,GLP.1_1,4090.0,0
GLP.1_1,GLP.1_1,197443.53385032652,0
GLP.2_1,GLP.2_1,200420.56958209985,0
