origin,destination,flow,time
TKL.1_1,TKL.3_1,2.0,0
TKL.2_1,TKL.3_1,21.0,0
TKL.3_1,TKL.2_1,13.0,0
TKL.1_1,TKL.1_1,18.360694885253942,0
TKL.2_1,TKL.2_1,191.6479621410372,0
TKL.3_1,TKL.3_1,119.9858719825746,0
