origin,destination,flow,time
TKL.1_1,TKL.3_1,4.0,0
TKL.2_1,TKL.3_1,38.0,0
TKL.2_1,TKL.1_1,4.0,0
TKL.3_1,TKL.2_1,26.0,0
TKL.1_1,TKL.1_1,16.320617675781282,0
TKL.2_1,TKL.2_1,170.3537441253664,0
TKL.3_1,TKL.3_1,106.6541084289552,0
