origin,destination,flow,time
BIH.1_1,BIH.3_1,24728.0,0
BIH.1_1,BIH.2_1,1647.0,0
BIH.2_1,BIH.3_1,448514.0,0
BIH.2_1,BIH.1_1,31171.0,0
BIH.3_1,BIH.2_1,240770.0,0
BIH.3_1,BIH.1_1,4341.0,0
BIH.1_1,BIH.1_1,105502.0551727296,0
BIH.2_1,BIH.2_1,1918743.1369925523,0
BIH.3_1,BIH.3_1,980444.529582464,0
