origin,destination,flow,time
BIH.1_1,BIH.3_1,61637.0,0
BIH.1_1,BIH.2_1,4301.0,0
BIH.2_1,BIH.3_1,1121960.0,0
BIH.2_1,BIH.1_1,77254.0,0
BIH.3_1,BIH.2_1,602034.0,0
BIH.3_1,BIH.1_1,10743.0,0
BIH.1_1,BIH.1_1,65938.78448295599,0
BIH.2_1,BIH.2_1,1199214.460620345,0
BIH.3_1,BIH.3_1,612777.83098904,0
