origin,destination,flow,time
BIH.1_1,BIH.3_1,1237.0,0
BIH.1_1,BIH.2_1,81.0,0
BIH.2_1,BIH.3_1,22423.0,0
BIH.2_1,BIH.1_1,1561.0,0
BIH.3_1,BIH.2_1,12013.0,0
BIH.3_1,BIH.1_1,242.0,0
BIH.1_1,BIH.1_1,130558.79327625287,0
BIH.2_1,BIH.2_1,2374444.632028283,0
BIH.3_1,BIH.3_1,1213300.105358299,0
