origin,destination,flow,time
VIR.1_1,VIR.2_1,325.0,0
VIR.1_1,VIR.3_1,2028.0,0
VIR.2_1,VIR.3_1,161.0,0
VIR.2_1,VIR.1_1,4.0,0
VIR.3_1,VIR.2_1,291.0,0
VIR.3_1,VIR.1_1,1998.0,0
VIR.1_1,VIR.1_1,44712.95840754509,0
VIR.2_1,VIR.2_1,3149.069733691212,0
VIR.3_1,VIR.3_1,43496.124199485814,0
