origin,destination,flow,time
VIR.1_1,VIR.2_1,607.0,0
VIR.1_1,VIR.3_1,4099.0,0
VIR.2_1,VIR.3_1,326.0,0
VIR.2_1,VIR.1_1,5.0,0
VIR.3_1,VIR.2_1,589.0,0
VIR.3_1,VIR.1_1,3989.0,0
VIR.1_1,VIR.1_1,42359.64480714798,0
VIR.2_1,VIR.2_1,2983.329221391675,0
VIR.3_1,VIR.3_1,41206.854504776034,0
