origin,destination,flow,time
VIR.1_1,VIR.2_1,1217.0,0
VIR.1_1,VIR.3_1,8196.0,0
VIR.2_1,VIR.3_1,640.0,0
VIR.2_1,VIR.1_1,22.0,0
VIR.3_1,VIR.2_1,1180.0,0
VIR.3_1,VIR.1_1,7977.0,0
VIR.1_1,VIR.1_1,37653.01760635376,0
VIR.2_1,VIR.2_1,2651.8481967926,0
VIR.3_1,VIR.3_1,36628.315115356476,0
