origin,destination,flow,time
LUX.1_1,LUX.3_1,1813.0,0
LUX.1_1,LUX.2_1,46.0,0
LUX.2_1,LUX.3_1,1424.0,0
LUX.2_1,LUX.1_1,44.0,0
LUX.3_1,LUX.2_1,4539.0,0
LUX.3_1,LUX.1_1,4116.0,0
LUX.1_1,LUX.1_1,91111.05047000645,0
LUX.2_1,LUX.2_1,71949.55478122713,0
LUX.3_1,LUX.3_1,424103.7216762541,0
