origin,destination,flow,time
LUX.1_1,LUX.3_1,45281.0,0
LUX.1_1,LUX.2_1,1204.0,0
LUX.2_1,LUX.3_1,35777.0,0
LUX.2_1,LUX.1_1,931.0,0
LUX.3_1,LUX.2_1,112923.0,0
LUX.3_1,LUX.1_1,103456.0,0
LUX.1_1,LUX.1_1,46485.229831635945,0
LUX.2_1,LUX.2_1,36708.95652103425,0
LUX.3_1,LUX.3_1,216379.44983482352,0
