origin,destination,flow,time
LUX.1_1,LUX.3_1,9072.0,0
LUX.1_1,LUX.2_1,225.0,0
LUX.2_1,LUX.3_1,7151.0,0
LUX.2_1,LUX.1_1,190.0,0
LUX.3_1,LUX.2_1,22728.0,0
LUX.3_1,LUX.1_1,20547.0,0
LUX.1_1,LUX.1_1,83673.4136969447,0
LUX.2_1,LUX.2_1,66076.12173786164,0
LUX.3_1,LUX.3_1,389483.0097026823,0
