origin,destination,flow,time
MTQ.1_1,MTQ.3_1,1859.0,0
MTQ.1_1,MTQ.4_1,310.0,0
MTQ.1_1,MTQ.2_1,844.0,0
MTQ.2_1,MTQ.1_1,1907.0,0
MTQ.2_1,MTQ.3_1,391.0,0
MTQ.2_1,MTQ.4_1,79.0,0
MTQ.3_1,MTQ.1_1,1476.0,0
MTQ.3_1,MTQ.4_1,62.0,0
MTQ.3_1,MTQ.2_1,235.0,0
MTQ.4_1,MTQ.3_1,398.0,0
MTQ.4_1,MTQ.1_1,70.0,0
MTQ.4_1,MTQ.2_1,18.0,0
MTQ.1_1,MTQ.1_1,147645.42133667032,0
MTQ.2_1,MTQ.2_1,116513.08709880867,0
MTQ.3_1,MTQ.3_1,86901.56949131009,0
MTQ.4_1,MTQ.4_1,23823.28167972568,0
