origin,destination,flow,time
MTQ.1_1,MTQ.3_1,929.0,0
MTQ.1_1,MTQ.4_1,126.0,0
MTQ.1_1,MTQ.2_1,451.0,0
MTQ.2_1,MTQ.1_1,947.0,0
MTQ.2_1,MTQ.3_1,188.0,0
MTQ.2_1,MTQ.4_1,53.0,0
MTQ.3_1,MTQ.1_1,718.0,0
MTQ.3_1,MTQ.4_1,44.0,0
MTQ.3_1,MTQ.2_1,124.0,0
MTQ.4_1,MTQ.3_1,197.0,0
MTQ.4_1,MTQ.1_1,34.0,0
MTQ.4_1,MTQ.2_1,12.0,0
MTQ.1_1,MTQ.1_1,149152.00726867715,0
MTQ.2_1,MTQ.2_1,117701.99615083734,0
MTQ.3_1,MTQ.3_1,87788.3202004051,0
MTQ.4_1,MTQ.4_1,24066.376390743288,0
