origin,destination,flow,time
MTQ.1_1,MTQ.3_1,46150.0,0
MTQ.1_1,MTQ.4_1,7310.0,0
MTQ.1_1,MTQ.2_1,21869.0,0
MTQ.2_1,MTQ.1_1,48044.0,0
MTQ.2_1,MTQ.3_1,9559.0,0
MTQ.2_1,MTQ.4_1,1842.0,0
MTQ.3_1,MTQ.1_1,36340.0,0
MTQ.3_1,MTQ.4_1,1953.0,0
MTQ.3_1,MTQ.2_1,6044.0,0
MTQ.4_1,MTQ.3_1,10265.0,0
MTQ.4_1,MTQ.1_1,1502.0,0
MTQ.4_1,MTQ.2_1,387.0,0
MTQ.1_1,MTQ.1_1,75329.296600342,0
MTQ.2_1,MTQ.2_1,59445.452601433,0
MTQ.3_1,MTQ.3_1,44337.53545475005,0
MTQ.4_1,MTQ.4_1,12154.735550880448,0
