origin,destination,flow,time
BES.1_1,BES.2_1,657.0,0
BES.1_1,BES.3_1,1202.0,0
BES.2_1,BES.3_1,143.0,0
BES.2_1,BES.1_1,41.0,0
BES.3_1,BES.2_1,156.0,0
BES.3_1,BES.1_1,290.0,0
BES.1_1,BES.1_1,16734.13066567179,0
BES.2_1,BES.2_1,1664.4242546081553,0
BES.3_1,BES.3_1,4014.2310390472403,0
