origin,destination,flow,time
BES.1_1,BES.2_1,64.0,0
BES.1_1,BES.3_1,121.0,0
BES.2_1,BES.3_1,12.0,0
BES.2_1,BES.1_1,6.0,0
BES.3_1,BES.2_1,15.0,0
BES.3_1,BES.1_1,29.0,0
BES.1_1,BES.1_1,18407.54373223897,0
BES.2_1,BES.2_1,1830.8666800689707,0
BES.3_1,BES.3_1,4415.654142951965,0
