origin,destination,flow,time
GUF.1_1,GUF.2_1,1774.0,0
GUF.2_1,GUF.1_1,1231.0,0
GUF.1_1,GUF.1_1,175656.81103320242,0
GUF.2_1,GUF.2_1,121887.72811630603,0
