origin,destination,flow,time
GUF.1_1,GUF.2_1,88715.0,0
GUF.2_1,GUF.1_1,61559.0,0
GUF.1_1,GUF.1_1,88715.56112788,0
GUF.2_1,GUF.2_1,61559.458644599006,0
