origin,destination,flow,time
GUF.1_1,GUF.2_1,8871.0,0
GUF.2_1,GUF.1_1,6155.0,0
GUF.1_1,GUF.1_1,168559.566142972,0
GUF.2_1,GUF.2_1,116962.9714247381,0
