origin,destination,flow,time
GUF.1_1,GUF.2_1,35486.0,0
GUF.2_1,GUF.1_1,24623.0,0
GUF.1_1,GUF.1_1,141944.89780460802,0
GUF.2_1,GUF.2_1,98495.13383135841,0
