origin,destination,flow,time
GUF.1_1,GUF.2_1,3548.0,0
GUF.2_1,GUF.1_1,2462.0,0
GUF.1_1,GUF.1_1,173882.4998106448,0
GUF.2_1,GUF.2_1,120656.53894341405,0
