origin,destination,flow,time
FSM.1_1,FSM.3_1,5731.0,0
FSM.1_1,FSM.2_1,375.0,0
FSM.1_1,FSM.4_1,569.0,0
FSM.2_1,FSM.3_1,896.0,0
FSM.2_1,FSM.1_1,58.0,0
FSM.2_1,FSM.4_1,5.0,0
FSM.3_1,FSM.2_1,1471.0,0
FSM.3_1,FSM.1_1,4843.0,0
FSM.3_1,FSM.4_1,642.0,0
FSM.4_1,FSM.1_1,1601.0,0
FSM.4_1,FSM.3_1,198.0,0
FSM.4_1,FSM.2_1,21.0,0
FSM.1_1,FSM.1_1,26700.88368415832,0
FSM.2_1,FSM.2_1,3838.431086540224,0
FSM.3_1,FSM.3_1,27827.26381811648,0
FSM.4_1,FSM.4_1,7283.597461509705,0
