origin,destination,flow,time
FSM.1_1,FSM.3_1,14355.0,0
FSM.1_1,FSM.2_1,880.0,0
FSM.1_1,FSM.4_1,1453.0,0
FSM.2_1,FSM.3_1,2243.0,0
FSM.2_1,FSM.1_1,138.0,0
FSM.2_1,FSM.4_1,18.0,0
FSM.3_1,FSM.2_1,3721.0,0
FSM.3_1,FSM.1_1,12062.0,0
FSM.3_1,FSM.4_1,1609.0,0
FSM.4_1,FSM.1_1,3985.0,0
FSM.4_1,FSM.3_1,524.0,0
FSM.4_1,FSM.2_1,43.0,0
FSM.1_1,FSM.1_1,16688.05230259895,0
FSM.2_1,FSM.2_1,2399.0194290876398,0
FSM.3_1,FSM.3_1,17392.0398863228,0
FSM.4_1,FSM.4_1,4552.248413443565,0
