origin,destination,flow,time
FSM.1_1,FSM.3_1,582.0,0
FSM.1_1,FSM.2_1,28.0,0
FSM.1_1,FSM.4_1,57.0,0
FSM.2_1,FSM.3_1,87.0,0
FSM.2_1,FSM.1_1,5.0,0
FSM.2_1,FSM.4_1,3.0,0
FSM.3_1,FSM.2_1,142.0,0
FSM.3_1,FSM.1_1,505.0,0
FSM.3_1,FSM.4_1,48.0,0
FSM.4_1,FSM.1_1,157.0,0
FSM.4_1,FSM.3_1,24.0,0
FSM.4_1,FSM.2_1,1.0,0
FSM.1_1,FSM.1_1,32708.58251309394,0
FSM.2_1,FSM.2_1,4702.078081011774,0
FSM.3_1,FSM.3_1,34088.398177192685,0
FSM.4_1,FSM.4_1,8922.406890349388,0
