origin,destination,flow,time
ESH.1_1,ESH.3_1,516.0,0
ESH.1_1,ESH.4_1,25.0,0
ESH.1_1,ESH.2_1,14.0,0
ESH.2_1,ESH.3_1,562.0,0
ESH.2_1,ESH.1_1,14.0,0
ESH.2_1,ESH.4_1,24.0,0
ESH.3_1,ESH.1_1,1080.0,0
ESH.3_1,ESH.2_1,827.0,0
ESH.3_1,ESH.4_1,1429.0,0
ESH.4_1,ESH.1_1,575.0,0
ESH.4_1,ESH.3_1,1049.0,0
ESH.4_1,ESH.2_1,58.0,0
ESH.1_1,ESH.1_1,54957.90528702163,0
ESH.2_1,ESH.2_1,59438.85692379782,0
ESH.3_1,ESH.3_1,330322.8716825489,0
ESH.4_1,ESH.4_1,166579.84512579365,0
