origin,destination,flow,time
ASM.1_1,ASM.4_1,407.0,0
ASM.1_1,ASM.2_1,8.0,0
ASM.2_1,ASM.1_1,18.0,0
ASM.2_1,ASM.4_1,1.0,0
ASM.4_1,ASM.1_1,570.0,0
ASM.4_1,ASM.2_1,26.0,0
ASM.1_1,ASM.1_1,20337.584502143887,0
ASM.2_1,ASM.2_1,966.5240489268306,0
ASM.3_1,ASM.3_1,5.494022474288941,0
ASM.4_1,ASM.4_1,29211.71297770023,0
