origin,destination,flow,time
FSM.1_1,FSM.3_1,2901.0,0
FSM.1_1,FSM.2_1,171.0,0
FSM.1_1,FSM.4_1,265.0,0
FSM.2_1,FSM.3_1,441.0,0
FSM.2_1,FSM.1_1,34.0,0
FSM.2_1,FSM.4_1,4.0,0
FSM.3_1,FSM.2_1,716.0,0
FSM.3_1,FSM.1_1,2419.0,0
FSM.3_1,FSM.4_1,343.0,0
FSM.4_1,FSM.1_1,810.0,0
FSM.4_1,FSM.3_1,94.0,0
FSM.4_1,FSM.2_1,6.0,0
FSM.1_1,FSM.1_1,30038.49414467811,0
FSM.2_1,FSM.2_1,4318.234972357752,0
FSM.3_1,FSM.3_1,31305.67179538104,0
FSM.4_1,FSM.4_1,8194.047144198417,0
