origin,destination,flow,time
REU.1_1,REU.4_1,20975.0,0
REU.1_1,REU.2_1,3845.0,0
REU.1_1,REU.3_1,1230.0,0
REU.2_1,REU.3_1,32322.0,0
REU.2_1,REU.1_1,10937.0,0
REU.2_1,REU.4_1,12463.0,0
REU.3_1,REU.2_1,27956.0,0
REU.3_1,REU.4_1,7075.0,0
REU.3_1,REU.1_1,1721.0,0
REU.4_1,REU.1_1,26507.0,0
REU.4_1,REU.3_1,17855.0,0
REU.4_1,REU.2_1,12879.0,0
REU.1_1,REU.1_1,104202.2227081296,0
REU.2_1,REU.2_1,222888.09289550802,0
REU.3_1,REU.3_1,147009.0546997072,0
REU.4_1,REU.4_1,228964.46381607043,0
