origin,destination,flow,time
REU.1_1,REU.4_1,52580.0,0
REU.1_1,REU.2_1,9543.0,0
REU.1_1,REU.3_1,3003.0,0
REU.2_1,REU.3_1,80740.0,0
REU.2_1,REU.1_1,26907.0,0
REU.2_1,REU.4_1,31658.0,0
REU.3_1,REU.2_1,70145.0,0
REU.3_1,REU.4_1,17523.0,0
REU.3_1,REU.1_1,4212.0,0
REU.4_1,REU.1_1,66427.0,0
REU.4_1,REU.3_1,44561.0,0
REU.4_1,REU.2_1,32114.0,0
REU.1_1,REU.1_1,65126.389192580995,0
REU.2_1,REU.2_1,139305.0580596925,0
REU.3_1,REU.3_1,91880.659187317,0
REU.4_1,REU.4_1,143102.789885044,0
