origin,destination,flow,time
GBR.1_1,GBR.4_1,1885391.0,0
GBR.1_1,GBR.2_1,1058156.0,0
GBR.1_1,GBR.3_1,2653268.0,0
GBR.2_1,GBR.3_1,145799.0,0
GBR.2_1,GBR.4_1,15457.0,0
GBR.2_1,GBR.1_1,30065.0,0
GBR.3_1,GBR.2_1,154155.0,0
GBR.3_1,GBR.4_1,129776.0,0
GBR.3_1,GBR.1_1,255833.0,0
GBR.4_1,GBR.1_1,311198.0,0
GBR.4_1,GBR.2_1,528.0,0
GBR.4_1,GBR.3_1,1353.0,0
GBR.1_1,GBR.1_1,50371340.29274907,0
GBR.2_1,GBR.2_1,1721890.8584370902,0
GBR.3_1,GBR.3_1,4857881.832495189,0
GBR.4_1,GBR.4_1,2817718.324061688,0
