origin,destination,flow,time
GBR.1_1,GBR.4_1,378212.0,0
GBR.1_1,GBR.2_1,211269.0,0
GBR.1_1,GBR.3_1,529882.0,0
GBR.2_1,GBR.3_1,29123.0,0
GBR.2_1,GBR.4_1,3055.0,0
GBR.2_1,GBR.1_1,6086.0,0
GBR.3_1,GBR.2_1,30570.0,0
GBR.3_1,GBR.4_1,26038.0,0
GBR.3_1,GBR.1_1,51344.0,0
GBR.4_1,GBR.1_1,62209.0,0
GBR.4_1,GBR.2_1,112.0,0
GBR.4_1,GBR.3_1,294.0,0
GBR.1_1,GBR.1_1,54848792.76321565,0
GBR.2_1,GBR.2_1,1874947.8236314983,0
GBR.3_1,GBR.3_1,5289693.550939206,0
GBR.4_1,GBR.4_1,3068182.1750893933,0
