origin,destination,flow,time
GBR.1_1,GBR.4_1,9427443.0,0
GBR.1_1,GBR.2_1,5287017.0,0
GBR.1_1,GBR.3_1,13269617.0,0
GBR.2_1,GBR.3_1,727186.0,0
GBR.2_1,GBR.4_1,77463.0,0
GBR.2_1,GBR.1_1,151957.0,0
GBR.3_1,GBR.2_1,769283.0,0
GBR.3_1,GBR.4_1,650119.0,0
GBR.3_1,GBR.1_1,1279421.0,0
GBR.4_1,GBR.1_1,1555970.0,0
GBR.4_1,GBR.2_1,2747.0,0
GBR.4_1,GBR.3_1,6682.0,0
GBR.1_1,GBR.1_1,27984077.94041615,0
GBR.2_1,GBR.2_1,956606.0324650501,0
GBR.3_1,GBR.3_1,2698823.240275105,0
GBR.4_1,GBR.4_1,1565399.06892316,0
