origin,destination,flow,time
GBR.1_1,GBR.4_1,188634.0,0
GBR.1_1,GBR.2_1,105822.0,0
GBR.1_1,GBR.3_1,265225.0,0
GBR.2_1,GBR.3_1,14577.0,0
GBR.2_1,GBR.4_1,1531.0,0
GBR.2_1,GBR.1_1,3024.0,0
GBR.3_1,GBR.2_1,15206.0,0
GBR.3_1,GBR.4_1,13029.0,0
GBR.3_1,GBR.1_1,25741.0,0
GBR.4_1,GBR.1_1,31111.0,0
GBR.4_1,GBR.2_1,57.0,0
GBR.4_1,GBR.3_1,139.0,0
GBR.1_1,GBR.1_1,55408474.32202397,0
GBR.2_1,GBR.2_1,1894079.9442807992,0
GBR.3_1,GBR.3_1,5343670.015744708,0
GBR.4_1,GBR.4_1,3099490.156467857,0
