origin,destination,flow,time
WLF.1_1,WLF.2_1,434.0,0
WLF.1_1,WLF.3_1,633.0,0
WLF.2_1,WLF.1_1,394.0,0
WLF.2_1,WLF.3_1,159.0,0
WLF.3_1,WLF.1_1,3113.0,0
WLF.3_1,WLF.2_1,1185.0,0
WLF.1_1,WLF.1_1,1067.9300057888051,0
WLF.2_1,WLF.2_1,553.224064826965,0
WLF.3_1,WLF.3_1,4298.232223033904,0
