origin,destination,flow,time
WLF.1_1,WLF.2_1,169.0,0
WLF.1_1,WLF.3_1,258.0,0
WLF.2_1,WLF.1_1,157.0,0
WLF.2_1,WLF.3_1,64.0,0
WLF.3_1,WLF.1_1,1221.0,0
WLF.3_1,WLF.2_1,498.0,0
WLF.1_1,WLF.1_1,1708.6880092620884,0
WLF.2_1,WLF.2_1,885.158503723144,0
WLF.3_1,WLF.3_1,6877.171556854247,0
