origin,destination,flow,time
VGB.1_1,VGB.5_1,12.0,0
VGB.1_1,VGB.4_1,1.0,0
VGB.2_1,VGB.4_1,13.0,0
VGB.3_1,VGB.4_1,1.0,0
VGB.4_1,VGB.3_1,14.0,0
VGB.4_1,VGB.2_1,73.0,0
VGB.4_1,VGB.5_1,1049.0,0
VGB.4_1,VGB.1_1,55.0,0
VGB.5_1,VGB.3_1,1.0,0
VGB.5_1,VGB.4_1,188.0,0
VGB.1_1,VGB.1_1,265.62526167631177,0
VGB.2_1,VGB.2_1,260.19884580969773,0
VGB.3_1,VGB.3_1,21.65311295390126,0
VGB.4_1,VGB.4_1,22629.78624763493,0
VGB.5_1,VGB.5_1,3605.284445875884,0
