origin,destination,flow,time
VGB.1_1,VGB.5_1,1.0,0
VGB.1_1,VGB.4_1,1.0,0
VGB.2_1,VGB.4_1,2.0,0
VGB.4_1,VGB.3_1,2.0,0
VGB.4_1,VGB.2_1,22.0,0
VGB.4_1,VGB.5_1,205.0,0
VGB.4_1,VGB.1_1,9.0,0
VGB.5_1,VGB.4_1,37.0,0
VGB.1_1,VGB.1_1,276.80948322057753,0
VGB.2_1,VGB.2_1,271.15458668589554,0
VGB.3_1,VGB.3_1,22.56482297301289,0
VGB.4_1,VGB.4_1,23582.619352798505,0
VGB.5_1,VGB.5_1,3757.0858962285533,0
