origin,destination,flow,time
VGB.1_1,VGB.5_1,5.0,0
VGB.2_1,VGB.4_1,5.0,0
VGB.4_1,VGB.3_1,1.0,0
VGB.4_1,VGB.2_1,42.0,0
VGB.4_1,VGB.5_1,411.0,0
VGB.4_1,VGB.1_1,22.0,0
VGB.5_1,VGB.4_1,75.0,0
VGB.1_1,VGB.1_1,274.01342783451105,0
VGB.2_1,VGB.2_1,268.41565146684604,0
VGB.3_1,VGB.3_1,22.336895468234985,0
VGB.4_1,VGB.4_1,23344.41107650761,0
VGB.5_1,VGB.5_1,3719.135533640386,0
