origin,destination,flow,time
GLP.1_1,GLP.2_1,40294.0,0
GLP.2_1,GLP.1_1,40902.0,0
GLP.1_1,GLP.1_1,161178.39497985842,0
GLP.2_1,GLP.2_1,163608.6282302856,0
