origin,destination,flow,time
GLP.1_1,GLP.2_1,10073.0,0
GLP.2_1,GLP.1_1,10225.0,0
GLP.1_1,GLP.1_1,191399.34403858182,0
GLP.2_1,GLP.2_1,194285.24602346413,0
